Workbook

Sheet Day Shift Data
A1: Resource | B1: Day Shift Start Date & Time | C1: Day Shift End Date & Time | D1: Duration (hrs)
A2: EXD60 | B2: 46050.521 | C2: 46050.75 | D2: =(C2-B2)*24
A3: EXD73 | B3: 46050.521 | C3: 46050.75 | D3: =(C3-B3)*24
A4: EXD408 | B4: 46050.521 | C4: 46050.75 | D4: =(C4-B4)*24
A5: EXD61 | B5: 46050.528 | C5: 46050.725 | D5: =(C5-B5)*24
A6: EXD409 | B6: 46050.572 | C6: 46050.75 | D6: =(C6-B6)*24
A7: SHE36 | B7: 46050.654 | C7: 46050.75 | D7: =(C7-B7)*24
A8: EXD61 | B8: 46051.25 | C8: 46051.75 | D8: =(C8-B8)*24
A9: EXD100 | B9: 46051.25 | C9: 46051.302 | D9: =(C9-B9)*24
A10: SHE36 | B10: 46051.25 | C10: 46051.662 | D10: =(C10-B10)*24
A11: EXD56 | B11: 46051.25 | C11: 46051.452 | D11: =(C11-B11)*24
A12: EXD101 | B12: 46051.25 | C12: 46051.75 | D12: =(C12-B12)*24
A13: EXD98 | B13: 46051.25 | C13: 46051.684 | D13: =(C13-B13)*24
... A4074: EXD407 | B4074: 46139.718 | C4074: 46139.75 | D4074: =(C4074-B4074)*24

Sheet Day Shift Summary
A1: Resource | B1: Total Day Shift (hrs)
A2: Blast | B2: =SUMIF('Day Shift Data'!A:A,A2,'Day Shift Data'!D:D)
A3: Blast Crew | B3: =SUMIF('Day Shift Data'!A:A,A3,'Day Shift Data'!D:D)
A4: Blast Crew DS | B4: =SUMIF('Day Shift Data'!A:A,A4,'Day Shift Data'!D:D)
A5: DRE08 | B5: =SUMIF('Day Shift Data'!A:A,A5,'Day Shift Data'!D:D)
A6: DRE09 | B6: =SUMIF('Day Shift Data'!A:A,A6,'Day Shift Data'!D:D)
A7: DRE12 | B7: =SUMIF('Day Shift Data'!A:A,A7,'Day Shift Data'!D:D)
A8: DRE42 | B8: =SUMIF('Day Shift Data'!A:A,A8,'Day Shift Data'!D:D)
A9: EDD175 | B9: =SUMIF('Day Shift Data'!A:A,A9,'Day Shift Data'!D:D)
A10: EDD175;EDD1932 | B10: =SUMIF('Day Shift Data'!A:A,A10,'Day Shift Data'!D:D)
A11: EDD175;EDD1932;EDD2134;EDD2541 | B11: =SUMIF('Day Shift Data'!A:A,A11,'Day Shift Data'!D:D)
A12: EDD175;EDD1932;EDD2134;EDD2541;EDD812 | B12: =SUMIF('Day Shift Data'!A:A,A12,'Day Shift Data'!D:D)
A13: EDD175;EDD1932;EDD2134;EDD2541;EDD812;Sprint 1 | B13: =SUMIF('Day Shift Data'!A:A,A13,'Day Shift Data'!D:D)
... A91: Stag Drill | B91: =SUMIF('Day Shift Data'!A:A,A91,'Day Shift Data'!D:D)

Sheet Formula Reference
A1: PURPOSE / COLUMN | B1: EXCEL FORMULA (B=Start, C=End datetime) | C1: NOTES
A2: Day Shift Start Date & Time (records within a single shift) | B2: =IF(AND(B2<INT(B2)+TIME(18,0,0), C2>INT(B2)+TIME(6,0,0)), MAX(B2, INT(B2)+TIME(6,0,0)), IF(AND(B2<INT(B2)+1+TIME(18,0,0), C2>INT(B2)+1+TIME(6,0,0)), MAX(B2, INT(B2)+1+TIME(6,0,0)), "")) | C2: Returns the later of actual start and 06:00. Blank if no day shift overlap. Format cell as: DD/MM/YYYY HH:MM:SS
A3: Day Shift End Date & Time (records within a single shift) | B3: =IF(AND(B2<INT(B2)+TIME(18,0,0), C2>INT(B2)+TIME(6,0,0)), MIN(C2, INT(B2)+TIME(18,0,0)), IF(AND(B2<INT(B2)+1+TIME(18,0,0), C2>INT(B2)+1+TIME(6,0,0)), MIN(C2, INT(B2)+1+TIME(18,0,0)), "")) | C3: Returns the earlier of actual end and 18:00. Blank if no day shift overlap. Format cell as: DD/MM/YYYY HH:MM:SS
A4: Duration (decimal hours) | B4: =(C2-B2)*24 | C4: Assumes B2=Day Shift Start, C2=Day Shift End. Result in decimal hours (e.g. 5.50 = 5h 30m)
A5: Duration (hh:mm:ss display) | B5: =C2-B2 | C5: Format the cell as [h]:mm:ss to show hours beyond 24 correctly.
A6: Is this record a Day Shift record? | B6: =IF(AND(HOUR(B2)>=6,HOUR(B2)<18),"Day Shift","Night Shift") | C6: Based on START time only. Day Shift = starts 06:00–17:59
A7: Does record overlap Day Shift at all? | B7: =IF(OR(AND(B2<INT(B2)+TIME(18,0,0), C2>INT(B2)+TIME(6,0,0)), AND(B2<INT(B2)+1+TIME(18,0,0), C2>INT(B2)+1+TIME(6,0,0))), "YES","NO") | C7: Returns YES if any part of the record falls within 06:00–17:59
A8: Summary: Total day hrs per resource (paste in Summary sheet col B) | B8: =SUMIF('Day Shift Data'!A:A, A2, 'Day Shift Data'!D:D) | C8: Sums Duration (col D) in Day Shift Data for the resource named in A2.
A9: Day Shift Start Date only | B9: =INT(B2) | C9: Format cell as DD/MM/YYYY
A10: Day Shift End Date only | B10: =INT(C2) | C10: Format cell as DD/MM/YYYY
