Workbook

Sheet Shift Split Data
A1: Resource | B1: Start Date & Time | C1: End Date & Time | D1: Duration (hrs) | E1: Shift Type | F1: Start Date | G1: End Date
A2: EXD60 | B2: 46050.521 | C2: 46050.75 | D2: =(C2-B2)*24 | E2: =IF(AND(HOUR(B2)>=6,HOUR(B2)<18),"Day Shift","Night Shift") | F2: =INT(B2) | G2: =INT(C2)
A3: EXD60 | B3: 46050.75 | C3: 46050.953 | D3: =(C3-B3)*24 | E3: =IF(AND(HOUR(B3)>=6,HOUR(B3)<18),"Day Shift","Night Shift") | F3: =INT(B3) | G3: =INT(C3)
A4: EXD73 | B4: 46050.521 | C4: 46050.75 | D4: =(C4-B4)*24 | E4: =IF(AND(HOUR(B4)>=6,HOUR(B4)<18),"Day Shift","Night Shift") | F4: =INT(B4) | G4: =INT(C4)
A5: EXD73 | B5: 46050.75 | C5: 46050.847 | D5: =(C5-B5)*24 | E5: =IF(AND(HOUR(B5)>=6,HOUR(B5)<18),"Day Shift","Night Shift") | F5: =INT(B5) | G5: =INT(C5)
A6: EXD408 | B6: 46050.521 | C6: 46050.75 | D6: =(C6-B6)*24 | E6: =IF(AND(HOUR(B6)>=6,HOUR(B6)<18),"Day Shift","Night Shift") | F6: =INT(B6) | G6: =INT(C6)
A7: EXD408 | B7: 46050.75 | C7: 46050.892 | D7: =(C7-B7)*24 | E7: =IF(AND(HOUR(B7)>=6,HOUR(B7)<18),"Day Shift","Night Shift") | F7: =INT(B7) | G7: =INT(C7)
A8: EXD61 | B8: 46050.528 | C8: 46050.725 | D8: =(C8-B8)*24 | E8: =IF(AND(HOUR(B8)>=6,HOUR(B8)<18),"Day Shift","Night Shift") | F8: =INT(B8) | G8: =INT(C8)
A9: EXD409 | B9: 46050.572 | C9: 46050.75 | D9: =(C9-B9)*24 | E9: =IF(AND(HOUR(B9)>=6,HOUR(B9)<18),"Day Shift","Night Shift") | F9: =INT(B9) | G9: =INT(C9)
A10: EXD409 | B10: 46050.75 | C10: 46050.827 | D10: =(C10-B10)*24 | E10: =IF(AND(HOUR(B10)>=6,HOUR(B10)<18),"Day Shift","Night Shift") | F10: =INT(B10) | G10: =INT(C10)
A11: SHE36 | B11: 46050.654 | C11: 46050.75 | D11: =(C11-B11)*24 | E11: =IF(AND(HOUR(B11)>=6,HOUR(B11)<18),"Day Shift","Night Shift") | F11: =INT(B11) | G11: =INT(C11)
A12: SHE36 | B12: 46050.75 | C12: 46050.83 | D12: =(C12-B12)*24 | E12: =IF(AND(HOUR(B12)>=6,HOUR(B12)<18),"Day Shift","Night Shift") | F12: =INT(B12) | G12: =INT(C12)
A13: EXD61 | B13: 46050.783 | C13: 46051.25 | D13: =(C13-B13)*24 | E13: =IF(AND(HOUR(B13)>=6,HOUR(B13)<18),"Day Shift","Night Shift") | F13: =INT(B13) | G13: =INT(C13)
... A7481: EXD60 | B7481: 46139.826 | C7481: 46140.031 | D7481: =(C7481-B7481)*24 | E7481: =IF(AND(HOUR(B7481)>=6,HOUR(B7481)<18),"Day Shift","Night Shift") | F7481: =INT(B7481) | G7481: =INT(C7481)

Sheet Summary by Resource
A1: Resource | B1: Day Shift (hrs) | C1: Night Shift (hrs) | D1: Total (hrs)
A2: Blast | B2: =SUMIFS('Shift Split Data'!D:D,'Shift Split Data'!A:A,A2,'Shift Split Data'!E:E,"Day Shift") | C2: =SUMIFS('Shift Split Data'!D:D,'Shift Split Data'!A:A,A2,'Shift Split Data'!E:E,"Night Shift") | D2: =B2+C2
A3: Blast Crew | B3: =SUMIFS('Shift Split Data'!D:D,'Shift Split Data'!A:A,A3,'Shift Split Data'!E:E,"Day Shift") | C3: =SUMIFS('Shift Split Data'!D:D,'Shift Split Data'!A:A,A3,'Shift Split Data'!E:E,"Night Shift") | D3: =B3+C3
A4: Blast Crew DS | B4: =SUMIFS('Shift Split Data'!D:D,'Shift Split Data'!A:A,A4,'Shift Split Data'!E:E,"Day Shift") | C4: =SUMIFS('Shift Split Data'!D:D,'Shift Split Data'!A:A,A4,'Shift Split Data'!E:E,"Night Shift") | D4: =B4+C4
A5: DRE08 | B5: =SUMIFS('Shift Split Data'!D:D,'Shift Split Data'!A:A,A5,'Shift Split Data'!E:E,"Day Shift") | C5: =SUMIFS('Shift Split Data'!D:D,'Shift Split Data'!A:A,A5,'Shift Split Data'!E:E,"Night Shift") | D5: =B5+C5
A6: DRE09 | B6: =SUMIFS('Shift Split Data'!D:D,'Shift Split Data'!A:A,A6,'Shift Split Data'!E:E,"Day Shift") | C6: =SUMIFS('Shift Split Data'!D:D,'Shift Split Data'!A:A,A6,'Shift Split Data'!E:E,"Night Shift") | D6: =B6+C6
A7: DRE12 | B7: =SUMIFS('Shift Split Data'!D:D,'Shift Split Data'!A:A,A7,'Shift Split Data'!E:E,"Day Shift") | C7: =SUMIFS('Shift Split Data'!D:D,'Shift Split Data'!A:A,A7,'Shift Split Data'!E:E,"Night Shift") | D7: =B7+C7
A8: DRE42 | B8: =SUMIFS('Shift Split Data'!D:D,'Shift Split Data'!A:A,A8,'Shift Split Data'!E:E,"Day Shift") | C8: =SUMIFS('Shift Split Data'!D:D,'Shift Split Data'!A:A,A8,'Shift Split Data'!E:E,"Night Shift") | D8: =B8+C8
A9: EDD175 | B9: =SUMIFS('Shift Split Data'!D:D,'Shift Split Data'!A:A,A9,'Shift Split Data'!E:E,"Day Shift") | C9: =SUMIFS('Shift Split Data'!D:D,'Shift Split Data'!A:A,A9,'Shift Split Data'!E:E,"Night Shift") | D9: =B9+C9
A10: EDD175;EDD1932 | B10: =SUMIFS('Shift Split Data'!D:D,'Shift Split Data'!A:A,A10,'Shift Split Data'!E:E,"Day Shift") | C10: =SUMIFS('Shift Split Data'!D:D,'Shift Split Data'!A:A,A10,'Shift Split Data'!E:E,"Night Shift") | D10: =B10+C10
A11: EDD175;EDD1932;EDD2134;EDD2541 | B11: =SUMIFS('Shift Split Data'!D:D,'Shift Split Data'!A:A,A11,'Shift Split Data'!E:E,"Day Shift") | C11: =SUMIFS('Shift Split Data'!D:D,'Shift Split Data'!A:A,A11,'Shift Split Data'!E:E,"Night Shift") | D11: =B11+C11
A12: EDD175;EDD1932;EDD2134;EDD2541;EDD812 | B12: =SUMIFS('Shift Split Data'!D:D,'Shift Split Data'!A:A,A12,'Shift Split Data'!E:E,"Day Shift") | C12: =SUMIFS('Shift Split Data'!D:D,'Shift Split Data'!A:A,A12,'Shift Split Data'!E:E,"Night Shift") | D12: =B12+C12
A13: EDD175;EDD1932;EDD2134;EDD2541;EDD812;Sprint 1 | B13: =SUMIFS('Shift Split Data'!D:D,'Shift Split Data'!A:A,A13,'Shift Split Data'!E:E,"Day Shift") | C13: =SUMIFS('Shift Split Data'!D:D,'Shift Split Data'!A:A,A13,'Shift Split Data'!E:E,"Night Shift") | D13: =B13+C13
... A95: Stag Drill | B95: =SUMIFS('Shift Split Data'!D:D,'Shift Split Data'!A:A,A95,'Shift Split Data'!E:E,"Day Shift") | C95: =SUMIFS('Shift Split Data'!D:D,'Shift Split Data'!A:A,A95,'Shift Split Data'!E:E,"Night Shift") | D95: =B95+C95

Sheet Formula Reference
A1: COLUMN | B1: EXCEL FORMULA (B=Start DateTime, C=End DateTime)
A2: D Duration (decimal hrs) | B2: =(C2-B2)*24
A3: E Shift Type | B3: =IF(AND(HOUR(B2)>=6,HOUR(B2)<18),"Day Shift","Night Shift")
A4: F Start Date only | B4: =INT(B2) → format cell as DD/MM/YYYY
A5: G End Date only | B5: =INT(C2) → format cell as DD/MM/YYYY
A6: — Start Time only | B6: =MOD(B2,1) → format cell as HH:MM:SS
A7: — End Time only | B7: =MOD(C2,1) → format cell as HH:MM:SS
A8: — Duration hh:mm:ss | B8: =C2-B2 → format cell as [h]:mm:ss
A9: — Is Day Shift? | B9: =AND(HOUR(B2)>=6,HOUR(B2)<18)
A10: — Is Night Shift? | B10: =OR(HOUR(B2)>=18,HOUR(B2)<6)
A11: — Spans shift boundary? | B11: =IF(AND(HOUR(B2)>=6,HOUR(B2)<18),HOUR(C2)>=18,AND(INT(C2)>=INT(B2)+1,HOUR(C2)>=6))
A12: Summary: Day hrs per res | B12: =SUMIFS(D:D,A:A,"EXD60",E:E,"Day Shift")
A13: Summary: Night hrs per res | B13: =SUMIFS(D:D,A:A,"EXD60",E:E,"Night Shift")
